Symbol,Transaction Date,Buy Quantity,Buy Price,Sell Quantity,Sell Price,Charges
AARTIDRUGS,2024-10-29,,,5,483.45,
AARTIDRUGS,2024-10-29,,,14,483.55,
AARTIPHARM,2023-10-23,71,382.15,,,
AARTIPHARM,2025-11-11,,,19,753.3,
AARTIPHARM,2025-11-11,,,19,753.35,
AARTIPHARM,2025-11-11,,,22,753.25,70.83
AARTIPHARM,2025-11-11,,,1,753.65,
AARTIPHARM,2025-11-11,,,4,753.6,
AARTIPHARM,2025-11-11,,,2,753.55,
AARTIPHARM,2025-11-11,,,4,753.4,
POWERINDIA,2022-10-24,5,3238.95,,,
POWERINDIA,2023-03-14,,,5,3374.9,
ACC,2025-02-17,10,1892.3,,,24.59
ACC,2025-02-17,1,1892.35,,,
ACC,2025-03-12,2,1860.05,,,4.86
ACC,2025-04-29,2,1918.4,,,4.98
ACC,2025-05-29,2,1918.8,,,4.98
ACC,2025-06-02,,,17,1885.5,48.59
ACMESOLAR,2025-01-30,613,210.35,,,152.77
ACMESOLAR,2025-02-12,46,196.89,,,17.83
ACMESOLAR,2025-02-17,,,15,173.25,
ACMESOLAR,2025-02-17,,,120,173.1,
ACMESOLAR,2025-02-17,,,20,173.44,
ACMESOLAR,2025-02-17,,,19,173.42,
ACMESOLAR,2025-02-17,,,24,173.43,
ACMESOLAR,2025-02-17,,,444,173.02,133.67
ACMESOLAR,2025-02-17,,,1,173.5,
ACMESOLAR,2025-02-17,,,16,173.05,
ACMESOLAR,2025-03-21,659,202.15,,,158.2
ACMESOLAR,2025-03-27,,,142,190.5,
ACMESOLAR,2025-03-27,,,416,190.4,146.39
ACMESOLAR,2025-03-27,,,99,190.45,
ACMESOLAR,2025-03-27,,,2,190.55,
ACMESOLAR,2025-04-02,659,192.9,,,150.81
ACMESOLAR,2025-04-29,48,212.99,,,
ACMESOLAR,2025-04-29,62,213.02,,,
ACMESOLAR,2025-04-29,83,213.01,,,52.06
ACMESOLAR,2025-05-29,25,249.37,,,7.47
ACMESOLAR,2025-06-30,12,249.2,,,
ACMESOLAR,2025-06-30,14,249.25,,,7.72
ACMESOLAR,2025-08-29,6,288.7,,,1.8
ACMESOLAR,2025-09-29,56,272.55,,,17.83
ACMESOLAR,2025-10-29,2,285.65,,,0.68
ADOR,2023-08-14,2,1112,,,
ADOR,2023-08-14,1,1111.45,,,
ADOR,2023-09-12,1,1094.85,,,
ADOR,2023-10-12,1,1130.5,,,
ADOR,2024-12-16,,,1,1154.2,
ARTEMISMED,2025-03-03,,,51,221.15,
ARTEMISMED,2025-03-03,,,58,221.2,
ARVINDFASN,2023-09-12,1,324.9,,,
ARVINDFASN,2023-10-12,2,329,,,
ARVINDFASN,2025-01-15,,,34,501.1,33.01
ASAHISONG,2022-10-24,8,297.45,,,
ASAHISONG,2022-10-24,34,297.5,,,
ASAHISONG,2022-11-02,3,292.7,,,
ASAHISONG,2022-12-01,4,267.75,,,
ASAHISONG,2023-01-12,2,260.6,,,
ASAHISONG,2023-02-13,3,221.9,,,
ASAHISONG,2023-03-13,,,10,186.7,
ASAHISONG,2023-03-13,,,12,186.65,
ASAHISONG,2023-03-13,,,32,186.6,
ASHAPURMIN,2026-04-20,211,615.55,,,154.78
ASHOKLEY,2025-02-17,49,219.99,,,24
ASHOKLEY,2025-02-17,11,220,,,
ASHOKLEY,2025-02-17,32,220.03,,,
ASHOKLEY,2025-03-12,26,199.88,,,6.39
ASHOKLEY,2025-04-11,,,118,209.25,40.96
ASHOKLEY,2025-11-03,263,142.1,,,71.06
ASHOKLEY,2025-11-03,158,142.09,,,
ASHOKLEY,2025-11-17,8,148.24,,,1.23
ASHOKLEY,2026-05-20,,,71,149.4,
ASHOKLEY,2026-05-20,,,358,149.45,82.36
ASIANTILES,2025-12-19,60,70.16,,,
ASIANTILES,2025-12-19,10,70.1,,,
ASIANTILES,2025-12-19,113,70.14,,,
ASIANTILES,2025-12-19,131,70.15,,,
ASIANTILES,2025-12-19,400,70.07,,,60.33
ASIANTILES,2026-03-12,,,112,64.71,
BANKINDIA,2025-06-02,,,280,125.47,51.79
BANKINDIA,2025-07-03,144,118.68,,,21.34
BANKINDIA,2025-07-03,5,118.67,,,
BANKINDIA,2025-07-29,20,111.84,,,2.32
BANKINDIA,2025-08-29,,,169,111.47,34.88
BANKINDIA,2025-11-03,237,141.55,,,70.98
BANKINDIA,2025-11-03,185,141.6,,,
ACMESOLAR,2025-11-11,,,60,253.9,
ACMESOLAR,2025-11-11,,,593,253.85,271.98
ACE,2025-11-25,21,972.7,,,24.36
ACE,2026-02-23,3,871.2,,,2.71
ACE,2026-03-12,,,24,841.8,36.3
ACE,2026-04-20,14,915.55,,,15.3
AWL,2022-10-24,20,689.9,,,
AWL,2022-10-24,5,689.8,,,
AWL,2022-12-01,1,652.35,,,
AWL,2023-01-12,3,574.8,,,
AWL,2023-02-13,7,414.1,,,
AWL,2023-03-13,,,36,448.55,
AWL,2025-10-20,50,260,,,15.49
AWL,2025-10-29,2,270,,,0.64
AWL,2025-11-25,,,52,264.6,29.61
ABCAPITAL,2025-04-11,66,186.9,,,27.54
ABCAPITAL,2025-04-11,62,186.89,,,
ABCAPITAL,2025-04-29,18,201.72,,,4.77
ABCAPITAL,2025-05-29,3,222.8,,,0.69
ABCAPITAL,2025-07-29,13,251.25,,,3.39
ABCAPITAL,2025-08-29,16,279.95,,,5.65
ABCAPITAL,2025-09-29,17,284.15,,,6.01
ABCAPITAL,2025-10-29,6,312.9,,,2.23
ABCAPITAL,2025-11-17,12,333.3,,,5.15
ABCAPITAL,2025-12-02,,,14,357,23.86
ABCAPITAL,2025-12-02,,,9,357.05,
ADOR,2023-05-03,2,1074.05,,,
ADOR,2023-05-12,1,1172.35,,,
ADOR,2023-06-12,1,1177.9,,,
ADOR,2023-07-13,1,1266.75,,,
ADOR,2023-07-13,2,1267.65,,,
ARTEMISMED,2023-02-13,2,67.6,,,
ARTEMISMED,2023-03-13,26,65.55,,,
ARTEMISMED,2023-03-13,37,65.45,,,
ARTEMISMED,2025-03-03,,,8,221.05,
ARTEMISMED,2025-03-03,,,60,221.1,
ANANTRAJ,2026-02-10,91,575.75,,,103.28
ANANTRAJ,2026-03-12,,,150,461.65,87.73
ANANTRAJ,2026-03-24,22,450.4,,,
ANANTRAJ,2026-03-24,82,450.45,,,
ANANTRAJ,2026-03-24,180,450.5,,,182.52
ANANTRAJ,2026-03-24,16,450.55,,,
ANANTRAJ,2026-03-24,39,450.95,,,
ANANTRAJ,2026-04-01,1000,434.8,,,520.34
ANANTRAJ,2026-04-20,156,513.35,,,95.72
ANGELONE,2023-11-02,5,2651.15,,,
ANGELONE,2023-11-13,1,2735,,,
ANGELONE,2023-12-01,,,6,3063.05,
APARINDS,2022-10-24,12,1475.85,,,
APARINDS,2022-11-02,1,1428.85,,,
APARINDS,2022-12-01,1,1502.8,,,
APARINDS,2023-03-14,,,3,2290.5,
APARINDS,2023-04-03,1,2604,,,
APARINDS,2023-05-12,2,2645,,,
APARINDS,2023-11-02,,,1,5134.85,
APARINDS,2023-11-02,,,10,5134.9,
APARINDS,2023-11-02,,,3,5134.2,
APLAPOLLO,2025-12-19,25,1808.7,,,60.54
APLAPOLLO,2025-12-19,3,1808.6,,,
APLAPOLLO,2026-04-20,47,2117.7,,,118.25
APLAPOLLO,2026-06-11,,,75,1757.95,153.18
APOLLO,2026-01-02,725,275.7,,,238.78
APOLLO,2026-03-12,,,725,207,171.03
ARTEMISMED,2022-11-23,182,78.9,,,
ARTEMISMED,2022-12-01,7,80.5,,,
ARTEMISMED,2023-01-12,16,72,,,
ASIANTILES,2026-03-12,,,1,64.8,
ASIANTILES,2026-03-12,,,45,64.74,
ASIANTILES,2026-03-12,,,457,64.73,63.66
ASIANTILES,2026-03-12,,,99,64.81,
ASIANPAINT,2022-10-24,2,3139.05,,,
ASIANPAINT,2023-01-12,1,2905.95,,,
ASIANPAINT,2023-04-12,1,2792.65,,,
ASIANPAINT,2023-07-13,1,3396.5,,,
ASIANPAINT,2023-10-12,1,3156.7,,,
ASTRAL,2024-10-29,,,3,1774.1,
ASTRAL,2024-10-29,,,2,1774.5,
ASTRAL,2024-10-29,,,4,1774.2,20.4
ATHERENERG,2025-11-20,34,677.85,,,
ATHERENERG,2025-11-20,51,677.8,,,
ATHERENERG,2025-11-20,119,677.9,,,164.46
ATHERENERG,2026-02-03,,,10,649.8,
ATHERENERG,2026-02-03,,,11,649.7,
ATHERENERG,2026-02-03,,,42,649.85,94.86
ATHERENERG,2026-02-03,,,29,649.5,
ATHERENERG,2026-02-03,,,26,649.3,
ATHERENERG,2026-02-10,19,731.5,,,16.42
ATHERENERG,2026-05-22,7,878.2,,,10.11
ATHERENERG,2026-05-22,3,878.25,,,
AUBANK,2025-11-03,68,884.6,,,71.4
AUBANK,2025-11-17,1,913.9,,,0.95
AUBANK,2025-12-09,,,69,950.9,83.41
AUROPHARMA,2022-10-24,24,523.95,,,
AUROPHARMA,2022-11-14,,,24,465.25,
AUROPHARMA,2023-10-23,5,881.95,,,
AUROPHARMA,2023-11-02,,,2,857.65,
AUROPHARMA,2023-11-02,,,3,857.6,
AUROPHARMA,2024-01-02,10,1093.2,,,
AUROPHARMA,2024-01-12,2,1093.3,,,
AUROPHARMA,2024-02-01,14,1070.75,,,
AUROPHARMA,2024-02-12,3,1017.55,,,
AUROPHARMA,2024-03-05,,,29,1087.4,
AVALON,2023-04-17,442,436,,,
BORORENEW,2023-01-12,5,501,,,
BORORENEW,2023-02-13,3,478.9,,,
BORORENEW,2023-03-13,1,461.2,,,
BORORENEW,2023-04-03,10,419.4,,,
BORORENEW,2023-07-13,10,479.6,,,
BORORENEW,2023-07-13,5,478.35,,,
BORORENEW,2023-08-14,4,457.55,,,
BORORENEW,2023-10-12,4,420,,,
BORORENEW,2023-11-02,3,416.7,,,
BORORENEW,2023-11-02,11,416.75,,,
BORORENEW,2023-11-02,13,416.8,,,
BORORENEW,2023-11-13,2,427.8,,,
AVALON,2024-10-29,,,1,568.4,
AVALON,2024-10-29,,,12,568.35,
AVALON,2024-10-29,,,4,568.1,
AVALON,2024-10-29,,,18,568.05,
AVALON,2024-10-29,,,13,567.95,
AVALON,2024-10-29,,,7,567.9,
AVALON,2024-10-29,,,1,567.75,
AVALON,2024-10-29,,,12,567.6,
AVALON,2024-10-29,,,10,567.55,
AVALON,2024-10-29,,,1,567.45,
AVALON,2024-10-29,,,10,567.4,
AVALON,2024-10-29,,,18,567.35,
AVALON,2024-10-29,,,18,567.3,
AVALON,2024-10-29,,,75,567.25,
AVALON,2024-10-29,,,104,567.2,262.36
AVALON,2024-10-29,,,33,567.15,
AVALON,2024-10-29,,,101,567.1,
AVALON,2024-10-29,,,4,567.05,
AVALON,2026-02-04,18,1025,,,
AVALON,2026-02-04,25,1024.8,,,
AVALON,2026-02-04,42,1024.75,,,103.27
AVALON,2026-03-12,,,26,922.65,
AVALON,2026-03-12,,,15,922.25,
AVALON,2026-03-12,,,35,923,97.34
AVALON,2026-03-12,,,9,922.7,
AVALON,2026-04-15,35,1069.1,,,44.82
AVALON,2026-05-20,44,1348.4,,,70.55
AVALON,2026-05-22,4,1474.3,,,7.12
AVANTIFEED,2024-06-10,16,631,,,12.48
AVANTIFEED,2025-08-01,,,16,669.4,26.45
BANKBARODA,2024-12-09,21,262.59,,,6.72
BANKBARODA,2024-12-12,8,260.27,,,2.16
BANKBARODA,2025-01-13,10,222.32,,,2.31
BANKBARODA,2025-02-12,11,212.63,,,2.43
BANKBARODA,2025-03-12,4,204.1,,,0.85
BANKBARODA,2025-04-29,11,256.83,,,2.93
BANKBARODA,2025-05-29,18,241.93,,,5.52
BANKBARODA,2025-06-30,13,247.09,,,3.33
BANKBARODA,2025-07-29,8,241.71,,,2.01
BANKBARODA,2025-08-29,,,104,233.97,40.58
BANKINDIA,2024-12-09,104,117.59,,,14.69
BANKINDIA,2024-12-12,33,113.43,,,4.88
BANKINDIA,2025-01-13,58,92.76,,,6.58
BANKINDIA,2025-02-12,6,101.61,,,1.05
BANKINDIA,2025-02-12,4,101.6,,,
BANKINDIA,2025-03-12,43,94.84,,,5.23
BANKINDIA,2025-04-29,1,118.3,,,0.12
BANKINDIA,2025-05-29,31,118.95,,,4.83
BOROLTD,2023-07-13,6,221.41,,,
BOROLTD,2023-07-13,7,221.46,,,
BOROLTD,2023-08-14,3,236.79,,,
BOROLTD,2023-08-14,2,236.07,,,
BOROLTD,2023-08-17,3,233.31,,,
BOROLTD,2023-08-17,4,233.34,,,
BOROLTD,2023-09-12,8,218.87,,,
BOROLTD,2023-10-12,3,213.41,,,
BOROLTD,2025-01-15,,,11,383.3,
BOROLTD,2025-01-15,,,41,383.35,36.02
BORORENEW,2022-10-24,22,576.1,,,
BORORENEW,2022-12-01,1,543,,,
BANKINDIA,2025-11-17,5,149.18,,,0.77
BANKINDIA,2025-12-09,,,173,137.67,
BANKINDIA,2025-12-09,,,254,137.69,76.33
BBL,2022-10-24,10,1005.5,,,
BBL,2023-04-03,4,1286.18,,,
BBL,2023-07-13,2,1762.98,,,
BHARTIHEXA,2025-06-02,18,1833.3,,,39.23
BHARTIHEXA,2025-06-30,2,1920,,,4.98
BHARTIHEXA,2025-07-29,2,1737.6,,,6.41
BHARTIHEXA,2025-07-29,1,1737.7,,,
BHARTIHEXA,2025-08-08,,,7,1705.7,
BHARTIHEXA,2025-08-08,,,10,1705.6,56.04
BHARTIHEXA,2025-08-08,,,6,1706,
BSOFT,2024-03-05,16,759.1,,,
BSOFT,2024-03-28,,,16,747.75,
BLUESTARCO,2022-12-08,3,1257.95,,,
BLUESTARCO,2023-10-23,,,6,887.5,
BLUESTARCO,2023-12-01,16,990.15,,,
BLUESTARCO,2025-03-03,,,1,1920.15,
BLUESTARCO,2025-03-03,,,2,1920.35,
BLUESTARCO,2025-03-03,,,13,1920.4,47.46
BOROLTD,2023-05-03,7,219.86,,,
BOROLTD,2023-05-12,5,213.36,,,
BOROLTD,2023-06-12,4,231.44,,,
BORORENEW,2026-02-23,5,482,,,2.5
BORORENEW,2026-03-12,,,11,408.35,
BORORENEW,2023-12-12,4,433.35,,,
BORORENEW,2024-02-12,21,509.55,,,
BORORENEW,2024-02-12,1,509.5,,,
BORORENEW,2024-04-12,8,552,,,
BORORENEW,2024-05-13,3,494.7,,,
BORORENEW,2024-06-12,5,503,,,2.7
BORORENEW,2024-07-12,11,513.3,,,6.87
BORORENEW,2024-07-19,,,132,470.25,87.26
BORORENEW,2024-07-19,,,15,470.2,
BORORENEW,2024-12-10,193,592.6,,,132.87
BORORENEW,2024-12-12,7,582.95,,,5.23
BORORENEW,2025-01-16,97,585,,,67.87
BORORENEW,2025-02-17,,,44,472,
BORORENEW,2025-02-17,,,32,473,
BORORENEW,2025-02-17,,,139,471,160.04
BORORENEW,2025-02-17,,,2,472.45,
BORORENEW,2025-02-17,,,80,470.95,
BORORENEW,2025-03-21,200,510.15,,,120.85
BORORENEW,2025-03-27,,,60,487.75,
BORORENEW,2025-03-27,,,112,487.7,116.53
BORORENEW,2025-03-27,,,26,487.65,
BORORENEW,2025-03-27,,,2,487.8,
BORORENEW,2026-02-03,12,495.35,,,
BORORENEW,2026-02-03,98,495.45,,,133.15
BORORENEW,2026-02-03,27,495.25,,,
BORORENEW,2026-02-03,89,495.4,,,
CIEINDIA,2022-10-24,32,315,,,
CIEINDIA,2022-11-02,2,301.9,,,
CIEINDIA,2022-12-01,1,289.7,,,
CIEINDIA,2023-04-12,1,372.2,,,
CIEINDIA,2023-10-23,,,36,450,
CLEDUCATE,2025-10-20,111,88.19,,,
CLEDUCATE,2025-10-20,474,88.9,,,61.87
CLEDUCATE,2025-10-29,,,585,85.29,67.07
CLEDUCATE,2025-10-29,11,86.98,,,
CLEDUCATE,2025-10-29,53,86.8,,,6.59
CLEDUCATE,2025-11-25,,,64,86.22,21.06
CLEDUCATE,2026-04-20,97,51.71,,,6.2
COALINDIA,2023-11-13,46,346.6,,,
COALINDIA,2023-12-12,9,349.55,,,
COALINDIA,2024-01-02,30,394.75,,,
COALINDIA,2024-01-12,10,380.3,,,
COALINDIA,2024-01-12,7,380,,,
COALINDIA,2024-02-12,6,435.25,,,
BORORENEW,2026-03-12,,,189,408.2,113.93
BORORENEW,2026-03-12,,,24,408.4,
BORORENEW,2026-03-12,,,7,408.25,
BORORENEW,2026-04-15,41,477.45,,,
BORORENEW,2026-04-15,33,477.5,,,
BORORENEW,2026-04-15,31,477.55,,,
BORORENEW,2026-04-15,52,477.6,,,88.88
BORORENEW,2026-05-20,68,517.05,,,48.91
BORORENEW,2026-05-20,12,517.1,,,
BORORENEW,2026-05-22,14,514.7,,,8.48
BORORENEW,2026-06-22,26,597.8,,,18.12
BORORENEW,2026-07-22,14,593.2,,,9.62
BOROSCI,2023-05-03,5,254.79,,,
BOROSCI,2023-05-12,3,247.26,,,
BOROSCI,2023-05-12,1,249.14,,,
BOROSCI,2023-06-12,3,268.21,,,
BOROSCI,2023-10-12,2,247.32,,,
BOROSCI,2024-10-25,,,39,172,22.3
BSE,2024-12-09,2,5368.85,,,13.14
BSE,2024-12-12,1,5636.65,,,6.85
BSE,2025-02-12,1,5351.65,,,6.55
BSE,2025-02-17,,,4,5165,36.77
BSE,2025-06-02,12,2700.9,,,38.62
BSE,2025-06-30,2,2772,,,6.75
BSE,2025-07-29,3,2443.9,,,8.61
BSE,2025-08-29,2,2126.5,,,5.41
BSE,2025-09-29,4,2090.7,,,9.68
BSE,2025-10-29,1,2439.5,,,2.9
BSE,2026-07-20,,,1,3559.1,19.03
MAPMYINDIA,2023-10-23,5,1915,,,
MAPMYINDIA,2023-11-13,1,2136.75,,,
MAPMYINDIA,2023-12-01,2,2249.7,,,
MAPMYINDIA,2023-12-12,2,2173.75,,,
MAPMYINDIA,2024-01-12,2,2023.7,,,
MAPMYINDIA,2024-02-01,,,12,1856.05,
CANBK,2024-12-09,50,109.49,,,6.68
CANBK,2024-12-12,19,108.1,,,2.13
CANBK,2025-01-13,26,90.48,,,2.44
COALINDIA,2024-08-12,7,525.25,,,4.83
COALINDIA,2024-09-12,12,483.55,,,7.04
COALINDIA,2024-11-12,11,413.4,,,5.72
COALINDIA,2024-12-09,13,418.6,,,6.65
COALINDIA,2024-12-12,5,411,,,2.13
COALINDIA,2025-01-13,5,367.1,,,1.9
COALINDIA,2025-02-12,5,360.7,,,1.87
CARYSIL,2023-03-13,9,531.65,,,
CARYSIL,2024-07-16,,,28,784.05,38.18
CARYSIL,2025-10-20,2,906.3,,,
CARYSIL,2025-10-20,11,906.35,,,15.16
CARYSIL,2025-10-29,1,910.9,,,1.08
CARYSIL,2025-11-25,,,15,946.3,30.07
CCL,2025-10-20,1,845.8,,,
CCL,2025-10-20,2,845.7,,,
CCL,2025-10-20,46,845.9,,,62.41
CCL,2025-10-20,13,845.85,,,
CCL,2025-10-29,1,860.3,,,
CCL,2025-10-29,2,860.35,,,3.06
CCL,2026-02-23,6,1008.95,,,7.28
CENTRALBK,2026-01-05,300,38.89,,,14.1
CENTRALBK,2026-05-25,,,300,31.28,25.08
CENTUM,2023-05-03,2,800.4,,,
CENTUM,2023-05-03,1,800.6,,,
CENTUM,2023-05-12,1,811.4,,,
CENTUM,2023-07-13,1,1404,,,
CENTUM,2023-07-13,1,1408.2,,,
CENTUM,2023-07-13,1,1408.85,,,
CENTUM,2023-08-14,1,1317.95,,,
CENTUM,2023-08-14,1,1311.9,,,
CENTUM,2023-10-12,5,1457.9,,,
CENTUM,2024-07-18,,,14,1617.55,39.38
CESC,2022-10-24,137,78.65,,,
CESC,2022-11-02,8,77,,,
CESC,2022-12-01,5,74.8,,,
COROMANDEL,2022-10-24,3,998.9,,,
COROMANDEL,2022-11-02,1,984.3,,,
COROMANDEL,2022-11-11,,,3,932.45,
COROMANDEL,2022-11-11,,,1,932.5,
CUMMINSIND,2024-04-01,12,3016.1,,,
CUMMINSIND,2024-04-12,1,3063.95,,,
CUMMINSIND,2024-05-03,,,11,3400.6,
CUMMINSIND,2024-05-03,,,2,3400.95,
CUMMINSIND,2025-11-03,14,4386.8,,,72.71
CUMMINSIND,2025-11-17,1,4299,,,5.46
CYIENT,2023-10-23,1,1662.45,,,
CYIENT,2023-10-23,4,1662.85,,,
CYIENT,2023-10-23,12,1619.6,,,
CYIENT,2023-11-13,1,1676.65,,,
CYIENT,2023-12-01,1,1993,,,
CYIENT,2023-12-01,1,1995.25,,,
CYIENT,2023-12-12,2,1976.2,,,
CYIENT,2024-01-02,1,2319,,,
CYIENT,2024-01-12,2,2242.8,,,
COALINDIA,2024-03-05,7,458.45,,,
COALINDIA,2024-03-12,3,449.75,,,
COALINDIA,2024-03-12,7,449.8,,,
COALINDIA,2024-04-12,2,460,,,
COALINDIA,2024-04-12,1,459.95,,,
COALINDIA,2024-04-12,10,460.3,,,
COALINDIA,2024-04-23,7,444,,,
COALINDIA,2024-05-13,8,442.75,,,
COALINDIA,2024-05-13,1,442.65,,,
COALINDIA,2024-05-13,2,442.5,,,
COALINDIA,2024-06-12,2,493,,,1.11
COALINDIA,2024-06-12,6,492,,,3.15
COALINDIA,2024-07-12,6,503.4,,,3.14
COALINDIA,2024-07-12,6,503.65,,,3.14
ECLERX,2026-05-20,3,1558.6,,,
ECLERX,2026-05-25,6,1584.8,,,18.44
ECLERX,2026-05-25,4,1584.9,,,
EDELWEISS,2026-02-11,100,124.09,,,14.87
EDELWEISS,2026-03-12,,,8,106.3,
EDELWEISS,2026-03-12,,,92,106.35,26.46
EIDPARRY,2022-10-28,2,592.15,,,
EIDPARRY,2022-11-01,3,614.9,,,
EIDPARRY,2022-11-02,2,612.7,,,
EIDPARRY,2022-12-01,2,598.1,,,
EIDPARRY,2023-10-23,,,2,468.1,
EIDPARRY,2023-10-23,,,7,468.05,
EIHOTEL,2024-04-01,11,475,,,
COALINDIA,2025-02-17,,,122,357.3,102.08
COALINDIA,2025-02-17,,,105,357.35,
COALINDIA,2025-02-17,,,7,357.4,
COALINDIA,2025-03-12,27,378.15,,,12.59
COALINDIA,2025-04-29,8,396.25,,,3.29
COALINDIA,2025-05-29,7,399.85,,,2.9
COALINDIA,2025-06-30,1,392.7,,,
COALINDIA,2025-06-30,7,392.75,,,3.26
COALINDIA,2025-07-29,5,378.5,,,1.96
COALINDIA,2025-08-29,,,55,377.35,36.87
COCHINSHIP,2024-01-02,20,677,,,
COCHINSHIP,2024-01-12,2,755.25,,,
COCHINSHIP,2024-02-12,4,829.15,,,
COCHINSHIP,2024-03-12,2,819.65,,,
COCHINSHIP,2024-05-13,3,1182.95,,,
CONTROLPR,2023-06-12,2,641.95,,,
CONTROLPR,2023-07-13,1,645.35,,,
CONTROLPR,2023-07-13,2,645.85,,,
CONTROLPR,2023-08-14,1,729.45,,,
CONTROLPR,2023-08-17,8,764,,,
CONTROLPR,2023-09-12,2,779.85,,,
CONTROLPR,2023-10-12,1,803.75,,,
CONTROLPR,2024-07-15,,,20,814.4,32.29
EMMVEE,2025-12-19,,,321,174.45,135.36
EMMVEE,2025-12-19,,,276,174.5,
EMMVEE,2026-04-15,116,243.13,,,44.84
EMMVEE,2026-04-15,38,243.14,,,
EMMVEE,2026-05-22,8,262.85,,,2.18
CYIENT,2024-02-01,,,12,1935.6,
CYIENT,2024-12-16,,,13,2097.9,43.63
DALMIASUG,2022-10-24,50,324.9,,,
DALMIASUG,2022-11-02,1,330.4,,,
DALMIASUG,2022-12-01,2,353.5,,,
DALMIASUG,2023-01-12,3,370.85,,,
DALMIASUG,2023-03-13,,,15,349.15,
DALMIASUG,2023-03-13,,,23,349.2,
DALMIASUG,2023-03-13,,,18,349.1,
DATAPATTNS,2021-12-23,25,585,,,
DATAPATTNS,2025-03-03,,,4,1407.25,
DATAPATTNS,2025-03-03,,,21,1407.4,52.12
DATAPATTNS,2026-02-10,4,2905.95,,,
DATAPATTNS,2026-02-10,4,2906,,,27.3
DATAPATTNS,2026-07-20,,,1,4045,
DATAPATTNS,2026-07-20,,,1,4042.75,
DATAPATTNS,2026-07-20,,,1,4042.8,
DATAPATTNS,2026-07-20,,,5,4042.65,49.09
DEEDEV,2026-02-10,75,216.82,,,18.87
DYCL,2026-06-22,55,365.55,,,24.02
ECLERX,2023-10-23,3,1939.65,,,
ECLERX,2025-03-03,,,3,2758.1,23.99
ECLERX,2026-05-20,7,1558.4,,,
ECLERX,2026-05-20,7,1558.45,,,
ECLERX,2026-05-20,13,1558.55,,,55.88
FAIRCHEMOR,2025-10-20,1,762.6,,,
FAIRCHEMOR,2025-10-20,1,762.65,,,
FAIRCHEMOR,2025-10-29,,,17,749.9,31.94
EIHOTEL,2024-04-12,1,480.1,,,
EIHOTEL,2024-05-03,11,469.6,,,
EIHOTEL,2024-07-12,1,424.45,,,0.44
EIHOTEL,2024-07-16,,,24,415.6,25.75
ELECON,2023-05-03,8,216.35,,,
EMBASSY,2024-06-12,24,359.08,,,
EMBASSY,2024-06-12,3,359.7,,,1.2
EMBASSY,2024-06-12,4,359.06,,,
EMBASSY,2024-06-12,85,359.09,,,48.31
EMBASSY,2024-07-12,7,360.51,,,2.63
EMBASSY,2024-08-12,7,379.82,,,2.77
EMBASSY,2024-09-12,5,391.7,,,2.04
EMBASSY,2024-10-14,17,389.92,,,7.88
EMBASSY,2024-11-12,8,388.48,,,3.22
EMBASSY,2025-03-24,,,160,356.3,74.48
EMMVEE,2025-11-20,213,226.3,,,
EMMVEE,2025-11-20,300,226.32,,,177.46
EMMVEE,2025-11-20,52,226.29,,,
EMMVEE,2025-11-20,98,226.31,,,
EMMVEE,2025-12-19,,,66,174.55,
FIEMIND,2026-02-10,3,2359.6,,,
FIEMIND,2026-02-10,6,2359.4,,,
FIEMIND,2026-02-23,1,2336.8,,,
FIEMIND,2026-02-23,2,2337,,,8.27
FIEMIND,2026-03-12,,,1,2060.2,
FIEMIND,2026-03-12,,,49,2060,246.16
FIEMIND,2026-03-12,,,7,2060.1,
FIEMIND,2026-03-12,,,1,2060.3,
FIEMIND,2026-03-12,,,5,2060.5,
FIEMIND,2026-03-12,,,1,2060.6,
FIEMIND,2026-03-12,,,1,2060.7,
EMMVEE,2026-07-22,6,319,,,1.99
EMMVEE,2026-08-04,67,319.95,,,30.88
EMMVEE,2026-08-04,4,319.8,,,
EMMVEE,2026-08-04,10,319.9,,,
ENDURANCE,2025-09-09,4,2985.7,,,
ENDURANCE,2025-09-09,1,2985.8,,,
ENDURANCE,2025-09-09,7,2986.2,,,53.47
ENDURANCE,2025-09-09,1,2986.4,,,
ENDURANCE,2025-09-09,1,2986.5,,,
ENDURANCE,2025-09-09,1,2985.5,,,
EXIDEIND,2024-07-19,35,555.15,,,
EXIDEIND,2024-08-12,3,495.85,,,1.55
EXIDEIND,2024-09-12,2,475.25,,,0.99
EXIDEIND,2024-10-07,4,483.85,,,2.01
EXIDEIND,2024-11-12,5,431.5,,,2.24
EXIDEIND,2024-12-10,17,469.2,,,
EXIDEIND,2024-12-10,35,469.25,,,29.31
EXIDEIND,2024-12-12,3,466.4,,,1.45
EXIDEIND,2025-01-15,,,178,383.1,119.99
EXIDEIND,2025-01-15,,,84,383.15,
FAIRCHEMOR,2025-10-20,5,762.25,,,
FAIRCHEMOR,2025-10-20,1,762.3,,,
FAIRCHEMOR,2025-10-20,8,762.35,,,15.44
FAIRCHEMOR,2025-10-20,1,762.4,,,
FORTIS,2025-08-29,4,912.05,,,4.78
FORTIS,2025-09-29,3,944.5,,,2.94
FORTIS,2025-10-29,2,1054.05,,,2.51
FORTIS,2025-11-17,8,933.4,,,8.75
FORTIS,2025-12-02,,,63,905.7,74.53
FRACTAL,2026-02-13,16,900,,,
NYKAA,2025-07-03,192,203.95,,,46.62
NYKAA,2025-07-29,4,208.15,,,0.86
NYKAA,2025-08-08,,,196,205.6,57.14
GABRIEL,2026-04-20,6,1027.1,,,
FAIRCHEMOR,2025-10-29,2,749.9,,,0.63
FAIRCHEMOR,2025-11-03,,,2,751.4,16.91
FIEMIND,2022-10-24,3,1585.45,,,
FIEMIND,2022-10-24,5,1585.4,,,
FIEMIND,2023-02-16,2,1699.55,,,
FIEMIND,2023-04-03,4,1604.05,,,
FIEMIND,2023-07-13,1,1825.3,,,
FIEMIND,2023-07-13,3,1823.15,,,
FIEMIND,2023-09-12,1,1907.7,,,
FIEMIND,2023-11-02,7,1794.95,,,
FIEMIND,2023-11-02,1,1795,,,
FIEMIND,2024-04-12,2,1140,,,
FIEMIND,2025-03-12,3,1339.35,,,9.34
FIEMIND,2025-03-12,1,1339,,,
FIEMIND,2025-03-19,22,1342.55,,,74.48
FIEMIND,2025-03-19,1,1343.05,,,
FIEMIND,2025-03-19,10,1343.1,,,
FIEMIND,2025-03-19,2,1343.15,,,
FIEMIND,2025-03-19,9,1343.25,,,
FIEMIND,2025-03-19,3,1343.3,,,
FIEMIND,2025-08-29,1,2127.2,,,2.21
FIEMIND,2025-09-29,5,1953.9,,,11.13
FIEMIND,2025-10-29,1,2095.8,,,
FIEMIND,2025-10-29,1,2095.9,,,4.97
FIEMIND,2026-02-03,,,1,2176.9,
FIEMIND,2026-02-03,,,12,2178.5,
FIEMIND,2026-02-03,,,2,2176.6,
FIEMIND,2026-02-03,,,2,2177.8,
FIEMIND,2026-02-03,,,30,2177,
FIEMIND,2026-02-03,,,3,2176,
FIEMIND,2026-02-03,,,3,2177.7,
FIEMIND,2026-02-03,,,40,2178.6,245.78
FIEMIND,2026-02-03,,,9,2176.8,
FIEMIND,2026-02-10,13,2358.7,,,
FIEMIND,2026-02-10,16,2358.8,,,
FIEMIND,2026-02-10,16,2358.9,,,210.55
FIEMIND,2026-02-10,1,2359,,,
FIEMIND,2026-02-10,7,2359.2,,,
FIEMIND,2026-02-10,4,2359.3,,,
FIEMIND,2026-02-10,7,2359.7,,,
FIEMIND,2026-02-10,1,2359.9,,,
FIEMIND,2026-02-10,1,2360,,,
GANECOS,2023-09-01,1,1053.25,,,
GANECOS,2023-09-01,5,1052.95,,,
GANECOS,2023-09-12,1,1017.7,,,
GANECOS,2023-09-12,2,1014.4,,,
GANECOS,2023-10-12,1,961.3,,,
GANECOS,2023-10-12,4,961.95,,,
GANECOS,2023-10-12,1,961.75,,,
GANECOS,2023-11-13,4,853,,,
GANECOS,2024-02-12,1,1065.5,,,
GANECOS,2024-04-12,3,1012.95,,,
GANECOS,2024-10-07,3,1810.5,,,6.63
GANECOS,2024-12-10,2,2159.9,,,5.48
GANECOS,2025-01-16,6,1762.4,,,
GANECOS,2025-01-16,6,1762.45,,,
GANECOS,2025-01-16,7,1762.5,,,39.74
GANECOS,2025-02-12,1,1595.55,,,5.97
GANECOS,2025-02-12,1,1595.5,,,
GANECOS,2025-02-12,1,1595.1,,,
GANECOS,2025-03-12,2,1358.45,,,5.23
GANECOS,2025-03-12,1,1358.4,,,
GANECOS,2025-03-19,1,1499.35,,,
GANECOS,2025-03-19,5,1499.4,,,
GANECOS,2025-03-19,6,1499.45,,,
GANECOS,2025-03-19,5,1499.5,,,
GANECOS,2025-03-19,8,1499.55,,,
GANECOS,2025-03-19,37,1499.6,,,113.56
GANECOS,2025-03-19,2,1499.65,,,
GANECOS,2025-06-30,7,1463.4,,,19.91
GANECOS,2025-06-30,3,1463.5,,,
GANECOS,2025-08-29,1,1348.7,,,1.4
GANECOS,2025-09-29,5,1197.2,,,
GANECOS,2025-09-29,6,1197.7,,,26.63
GANECOS,2025-09-29,2,1197.6,,,
GANECOS,2025-09-29,3,1197.1,,,
GANECOS,2025-09-29,1,1197.8,,,
GANECOS,2025-10-29,1,1225.4,,,
FIEMIND,2026-03-12,,,17,2060.8,
FIEMIND,2026-03-12,,,13,2059.6,
FCL,2026-02-23,60,25.05,,,
FCL,2026-03-12,,,318,22.2,
FCL,2026-03-12,,,445,22.19,
FCL,2026-03-12,,,265,22.21,
FCL,2026-03-12,,,321,22.17,
FCL,2026-03-12,,,712,22.18,62.78
FCL,2026-04-20,659,23.04,,,17.75
FINCABLES,2022-11-14,10,530.7,,,
FINCABLES,2022-11-14,14,530.75,,,
FINCABLES,2022-12-01,1,565.25,,,
FINCABLES,2023-01-12,1,543.4,,,
FINCABLES,2023-03-13,,,6,787,
FINCABLES,2025-01-15,,,20,1012.8,36.35
FORTIS,2024-12-09,17,716.05,,,14.63
FORTIS,2024-12-12,5,718.8,,,4.73
FORTIS,2025-01-13,5,662.95,,,3.44
FORTIS,2025-02-12,5,620.7,,,5.51
FORTIS,2025-02-12,2,620.65,,,
FORTIS,2025-02-17,,,25,604.25,36.65
FORTIS,2025-02-17,,,9,604.2,
FORTIS,2025-08-08,46,897.4,,,48.82
GANECOS,2026-02-23,1,742.8,,,0.77
GRWRHITECH,2023-10-12,3,1553.4,,,
GRWRHITECH,2023-10-12,1,1553.5,,,
GRWRHITECH,2023-10-12,1,1553.45,,,
GATEWAY,2024-11-08,86,87.89,,,
GATEWAY,2024-11-08,59,87.9,,,
GATEWAY,2024-11-12,32,86.25,,,2.86
GATEWAY,2025-01-15,,,42,77.94,
GATEWAY,2025-01-15,,,147,77.93,
GATEWAY,2025-01-15,,,37,77.92,
GATEWAY,2025-01-15,,,230,77.91,52.49
GVT&D,2023-10-23,35,375,,,
GVT&D,2023-12-01,,,19,418.05,
GVT&D,2023-12-01,,,16,416.55,
GVT&D,2025-06-02,15,2280.6,,,40.47
GVT&D,2025-06-30,1,2359,,,2.45
GVT&D,2025-07-29,1,2385.1,,,2.47
GVT&D,2025-08-29,1,2729.9,,,2.83
GABRIEL,2026-04-20,4,1027.15,,,
GABRIEL,2026-04-20,28,1027.2,,,84.52
GAIL,2021-02-02,200,130,,,
GAIL,2025-03-03,,,173,156.75,64.51
GAIL,2025-03-03,,,127,156.8,
GANESHHOU,2024-06-10,10,1023.95,,,12.62
GANESHHOU,2025-03-03,,,4,1030.2,
GANESHHOU,2025-03-03,,,5,1030.3,26.03
GANESHHOU,2025-03-03,,,1,1030.35,
GANECOS,2022-10-24,6,799.8,,,
GANECOS,2022-10-24,13,799.9,,,
GANECOS,2022-12-01,1,898,,,
GANECOS,2023-03-14,6,832.35,,,
GANECOS,2023-04-03,4,896.05,,,
GANECOS,2023-05-03,3,998,,,
GANECOS,2023-05-12,1,1067.3,,,
GANECOS,2023-06-12,3,1056,,,
GANECOS,2023-06-12,2,1054.15,,,
GANECOS,2023-07-13,7,1039.8,,,
GANECOS,2023-07-13,1,1039.85,,,
GANECOS,2023-07-13,2,1039.65,,,
GANECOS,2023-07-13,3,1040.75,,,
GANECOS,2023-08-14,3,1057.55,,,
GANECOS,2023-08-14,1,1057.05,,,
GANECOS,2023-09-01,3,1053.3,,,
GENUSPOWER,2024-05-13,11,270.3,,,
GENUSPOWER,2024-08-12,5,374.6,,,1.95
GENUSPOWER,2025-02-17,,,26,257.5,
GENUSPOWER,2025-05-23,47,361.7,,,
GENUSPOWER,2025-05-23,5,361.85,,,
GENUSPOWER,2025-05-23,177,361.65,,,97.92
GENUSPOWER,2025-07-29,9,353.2,,,3.3
GENUSPOWER,2025-08-29,31,333.4,,,12.72
GENUSPOWER,2025-09-29,29,314.05,,,10.45
GENUSPOWER,2025-10-29,6,300.25,,,2.14
GENUSPOWER,2025-11-03,512,342.85,,,207.26
GENUSPOWER,2025-12-09,,,220,296.9,
GENUSPOWER,2025-12-09,,,100,297.1,
GENUSPOWER,2025-12-09,,,97,296.95,
GENUSPOWER,2025-12-09,,,129,296.85,
GENUSPOWER,2025-12-09,,,230,297,341.86
EBGNG,2025-12-09,,,39,296.5,
GANECOS,2025-10-29,3,1225.9,,,5.82
GANECOS,2025-11-10,,,19,1060.1,
GANECOS,2025-11-10,,,3,1060.2,
GANECOS,2025-11-10,,,158,1060,264.98
GANECOS,2025-11-10,,,34,1060.3,
GANECOS,2025-11-10,,,4,1060.4,
GANECOS,2025-11-10,,,9,1060.7,
GANECOS,2026-02-03,48,717.45,,,44.7
GANECOS,2026-02-03,4,717.55,,,
MEDANTA,2024-03-05,35,1246.5,,,
MEDANTA,2025-02-12,2,1096.4,,,2.27
MEDANTA,2025-03-12,1,1168.7,,,1.21
MEDANTA,2025-04-29,5,1200.4,,,7.23
MEDANTA,2025-05-29,3,1196.8,,,4.72
MEDANTA,2025-06-02,,,13,1213.4,
MEDANTA,2025-06-02,,,15,1213.1,50.58
MEDANTA,2025-08-08,20,1418.9,,,33.44
MEDANTA,2025-08-29,2,1395.8,,,2.9
MEDANTA,2025-09-09,12,1376.4,,,19.13
MEDANTA,2025-09-29,4,1307,,,6.42
MEDANTA,2025-10-29,1,1361,,,
MEDANTA,2025-10-29,3,1361.1,,,6.46
MEDANTA,2025-11-03,,,16,1306.9,
MEDANTA,2025-11-03,,,18,1306.5,
MEDANTA,2025-11-03,,,61,1306,200.99
MEDANTA,2025-11-03,,,3,1306.2,
MEDANTA,2025-11-03,,,33,1306.1,
MEDANTA,2025-11-03,,,4,1306.3,
MEDANTA,2025-11-03,,,2,1306.4,
GLOBUSSPR,2025-10-20,8,1112.8,,,15.85
GLOBUSSPR,2025-10-20,1,1113,,,
GLOBUSSPR,2025-10-20,3,1112.7,,,
GLOBUSSPR,2025-10-29,1,1083.7,,,1.28
GLOBUSSPR,2025-11-25,,,2,1038,
GLOBUSSPR,2025-11-25,,,3,1037.7,
GLOBUSSPR,2025-11-25,,,8,1037.8,29.34
EBGNG,2025-08-01,263,327.9,,,
EBGNG,2025-08-01,443,328,,,275.67
EBGNG,2025-08-29,11,347.8,,,4.97
EBGNG,2025-09-29,6,344.75,,,2.15
GVT&D,2025-10-29,1,2945.1,,,3.5
GVT&D,2025-11-17,1,3075.5,,,3.19
GVT&D,2025-12-02,,,9,2841.5,
GVT&D,2025-12-02,,,11,2841.9,74.3
GEMAROMA,2025-08-25,46,325,,,
GEMAROMA,2025-08-29,61,293.85,,,21.6
GEMAROMA,2025-10-29,,,1,229.82,
GEMAROMA,2025-10-29,,,1,229.8,
GEMAROMA,2025-10-29,,,29,229.79,
GEMAROMA,2025-10-29,,,76,229.85,40.84
GICRE,2024-12-09,29,416.95,,,14.54
GICRE,2024-12-12,7,433.2,,,3.15
GICRE,2025-01-13,8,415.5,,,3.45
GICRE,2025-02-12,6,384,,,4.98
GICRE,2025-02-12,4,384.1,,,
GICRE,2025-03-12,8,376.8,,,3.13
GICRE,2025-04-29,7,430.5,,,3.13
GICRE,2025-05-29,3,408.75,,,
GICRE,2025-05-29,9,408.8,,,6.09
GICRE,2025-06-02,,,81,407.8,49.61
GENUSPOWER,2024-02-01,127,277.8,,,
GENUSPOWER,2024-03-05,,,127,248.35,
GENUSPOWER,2024-03-12,120,224.9,,,
GENUSPOWER,2024-04-12,2,265.45,,,
GPIL,2022-10-24,185,53.6,,,
GPIL,2022-11-02,5,54.3,,,
GPIL,2022-12-01,5,64.12,,,
GPIL,2023-04-24,,,70,100,
GPIL,2025-03-03,,,115,152.75,35.3
GPIL,2025-03-03,,,5,152.8,
GPIL,2025-03-03,,,5,152.85,
GODFRYPHLP,2026-04-20,11,2177.3,,,
GODFRYPHLP,2026-04-20,27,2177.4,,,
GODFRYPHLP,2026-04-20,11,2177.5,,,
GODFRYPHLP,2026-04-20,27,2177.7,,,292.62
GENUSPOWER,2025-12-09,,,1,297.15,
GENUSPOWER,2025-12-09,,,211,296.8,
GENUSPOWER,2025-12-09,,,46,297.05,
GENUSPOWER,2025-12-09,,,21,297.25,
GENUSPOWER,2025-12-09,,,5,297.2,
GENUSPOWER,2025-12-17,1,302.85,,,
GENUSPOWER,2025-12-17,40,303,,,14.89
GENUSPOWER,2025-12-30,,,1,286.1,
GENUSPOWER,2025-12-30,,,17,286.25,
GENUSPOWER,2025-12-30,,,23,286.05,27.51
GKENERGY,2026-04-20,130,131.91,,,37.85
GKENERGY,2026-04-20,31,131.92,,,
GKENERGY,2026-04-20,28,131.99,,,
GKENERGY,2026-04-20,2,132,,,
GKENERGY,2026-04-20,1,132.03,,,
GKENERGY,2026-04-20,48,132.05,,,
GLAXO,2025-06-02,10,3302.1,,,39.26
GLAXO,2025-06-30,1,3365,,,4.49
GLAXO,2025-07-29,1,3138.6,,,7.51
GLAXO,2025-07-29,1,3138.5,,,
GLAXO,2025-08-08,,,11,2652.4,51.11
GLAXO,2025-08-08,,,2,2652.3,
GLENMARK,2023-11-02,7,752.3,,,
GLENMARK,2023-12-01,,,7,787.95,
MEDANTA,2022-11-15,44,336,,,
GRAVITA,2023-04-03,2,494.5,,,
GRAVITA,2023-05-03,3,563,,,
GRAVITA,2023-05-12,2,573.3,,,
GRAVITA,2023-06-12,2,592.4,,,
GRAVITA,2023-07-13,2,630.75,,,
GUFICBIO,2025-10-20,70,350.95,,,57.59
GUFICBIO,2025-10-20,10,350.9,,,
GUFICBIO,2025-10-20,8,350.7,,,
GUFICBIO,2025-10-20,14,350.75,,,
EBGNG,2025-10-29,11,324.1,,,4.23
EBGNG,2025-12-09,,,33,296.35,
EBGNG,2025-12-09,,,118,296.1,
EBGNG,2025-12-09,,,88,295.95,
EBGNG,2025-12-09,,,60,296.05,
EBGNG,2025-12-09,,,51,296.2,
EBGNG,2025-12-09,,,38,296.25,
EBGNG,2025-12-09,,,1,296.3,
EBGNG,2025-12-09,,,15,296.4,
EBGNG,2025-12-09,,,159,295.85,240.77
EBGNG,2025-12-09,,,38,295.8,
EBGNG,2025-12-09,,,87,296,
HGINFRA,2025-10-20,53,915,,,57.31
HGINFRA,2025-10-29,4,920.3,,,4.36
HGINFRA,2025-11-17,,,31,892.05,68.57
HGINFRA,2025-11-17,,,26,891.7,
HARIOMPIPE,2026-05-25,15,386.65,,,
HARIOMPIPE,2026-05-25,26,386.75,,,18.45
HBLENGINE,2023-06-21,26,153.4,,,
HBLENGINE,2023-09-12,6,250.4,,,
HBLENGINE,2023-10-12,4,302,,,
HBLENGINE,2025-01-30,186,584.95,,,194.44
HBLENGINE,2025-01-30,94,584.65,,,
HBLENGINE,2025-02-12,11,504.95,,,6.76
HBLENGINE,2025-02-17,,,340,476.3,187.13
HBLENGINE,2025-02-17,,,5,476.5,
HBLENGINE,2025-03-21,345,464.1,,,190.1
HBLENGINE,2025-07-29,5,565.3,,,2.93
HBLENGINE,2025-12-03,,,10,843.1,
HBLENGINE,2025-12-03,,,200,843.35,323.76
HBLENGINE,2025-12-03,,,30,843.2,
HBLENGINE,2025-12-03,,,40,843.05,
HBLENGINE,2025-12-03,,,70,843.3,
GODFRYPHLP,2026-04-20,26,2177.8,,,
GODFRYPHLP,2026-04-20,11,2177.9,,,
GOKEX,2023-05-03,6,375.1,,,
GOKEX,2023-05-12,4,388,,,
GOKEX,2023-06-12,2,479.2,,,
GOKEX,2023-07-13,3,527.55,,,
GOKEX,2023-07-13,5,527.75,,,
GOKEX,2023-08-14,3,512.25,,,
GOKEX,2023-08-14,2,512.5,,,
GOKEX,2023-10-12,2,840.55,,,
GOKEX,2025-03-03,,,1,772.85,
GOKEX,2025-03-03,,,26,772.9,36.99
GOODLUCK,2023-08-17,8,568,,,
GOODLUCK,2023-08-17,4,568.15,,,
GOODLUCK,2023-08-17,10,568.2,,,
GOODLUCK,2023-09-12,2,581.9,,,
GOODLUCK,2023-10-12,2,774.35,,,
GOODLUCK,2025-03-03,,,1,615.95,
GOODLUCK,2025-03-03,,,8,616.05,31.96
GOODLUCK,2025-03-03,,,4,616.3,
GOODLUCK,2025-03-03,,,7,616.35,
GOODLUCK,2025-03-03,,,4,616.55,
GOODLUCK,2025-03-03,,,1,616.6,
GOODLUCK,2025-03-03,,,1,616.65,
GRAVITA,2022-11-23,30,358.75,,,
GRAVITA,2022-12-01,1,363.3,,,
GRAVITA,2023-03-13,2,467.9,,,
GRAVITA,2023-03-13,1,467.8,,,
HCLTECH,2025-07-29,3,1474,,,5.59
GUFICBIO,2025-10-20,27,350.55,,,
GUFICBIO,2025-10-20,3,350.5,,,
GUFICBIO,2025-10-20,3,350.6,,,
GUFICBIO,2025-10-20,4,351,,,
GUFICBIO,2025-10-29,,,53,335.55,75.68
GUFICBIO,2025-10-29,,,23,335.5,
GUFICBIO,2025-10-29,,,15,335.25,
GUFICBIO,2025-10-29,,,48,335.3,
GUFICBIO,2025-10-29,9,336.3,,,2.55
GUFICBIO,2025-10-29,2,336.1,,,
GUFICBIO,2025-10-29,7,336.2,,,
GUFICBIO,2025-11-03,,,18,326.05,21.43
GUFICBIO,2026-04-20,33,298.75,,,30.35
GUFICBIO,2026-04-20,17,298.8,,,
GUFICBIO,2026-04-20,14,298.85,,,
GUFICBIO,2026-04-20,21,298.9,,,
GMDCLTD,2025-10-15,69,591.85,,,118.15
GMDCLTD,2025-10-15,19,591.9,,,
GMDCLTD,2025-10-15,31,591.75,,,
GMDCLTD,2025-10-15,49,591.65,,,
GMDCLTD,2025-10-29,30,591.95,,,21.21
GMDCLTD,2025-11-20,,,75,520.85,
GMDCLTD,2025-11-20,,,123,520.8,122.32
GPPL,2023-10-23,43,123.85,,,
GPPL,2023-11-02,,,43,123,
HPL,2024-08-12,2,613.8,,,1.28
HPL,2024-09-12,3,573.8,,,2.39
HPL,2024-09-12,1,573.85,,,
HPL,2024-10-07,4,529.8,,,2.2
HPL,2024-10-14,2,556.15,,,1.15
HPL,2024-10-29,14,506.7,,,
HPL,2024-10-29,20,506.65,,,
HPL,2024-10-29,10,506.5,,,
HPL,2024-10-29,21,506.4,,,39.16
HPL,2025-01-16,8,516.7,,,5.29
HPL,2025-02-12,5,421.3,,,2.19
HPL,2025-11-10,87,454.45,,,
HPL,2025-11-10,12,454.3,,,
HPL,2025-11-10,24,454.65,,,
HPL,2025-11-10,67,454.4,,,
HPL,2025-11-10,60,454.6,,,
HPL,2025-12-01,,,163,417.05,205.24
HPL,2025-12-01,,,114,416.8,
HPL,2025-12-01,,,32,416.95,
HPL,2025-12-01,,,25,417.3,
HPL,2025-12-01,,,54,417,
HPL,2025-12-01,,,37,416.9,
HPL,2025-12-01,,,3,416.85,
INFY,2023-05-12,1,1249,,,
HBLENGINE,2026-01-05,350,942.55,,,389.97
HBLENGINE,2026-02-03,142,785,,,132.64
HBLENGINE,2026-02-23,35,724.95,,,31.06
HBLENGINE,2026-03-12,,,147,663.25,
HBLENGINE,2026-03-12,,,16,663.05,
HBLENGINE,2026-03-12,,,18,663.1,
HBLENGINE,2026-03-12,,,18,663.15,
HBLENGINE,2026-03-12,,,322,663.2,380.73
HBLENGINE,2026-03-12,,,6,663,
HBLENGINE,2026-04-15,81,766.15,,,73.38
HBLENGINE,2026-05-20,18,750.55,,,
HBLENGINE,2026-05-20,34,750.6,,,50.38
HBLENGINE,2026-05-20,5,750.7,,,
HBLENGINE,2026-05-22,3,793.65,,,3.29
HBLENGINE,2026-05-22,1,793.75,,,
HBLENGINE,2026-06-22,28,819.55,,,26.81
HBLENGINE,2026-07-22,26,722.3,,,30.23
HBLENGINE,2026-07-22,9,722.25,,,
HCLTECH,2024-12-09,3,1915,,,6.96
HCLTECH,2024-12-12,1,1934.8,,,2.01
HCLTECH,2025-01-13,1,1994.35,,,2.07
HCLTECH,2025-02-12,1,1717.45,,,1.78
HCLTECH,2025-03-12,1,1516.65,,,1.57
HCLTECH,2025-04-29,1,1552.9,,,1.61
HCLTECH,2025-05-29,2,1661.1,,,3.45
HCLTECH,2025-06-30,1,1722,,,1.79
ICICIBANK,2022-12-01,1,944.7,,,
ICICIBANK,2023-10-23,,,5,930.15,
ICICIGI,2023-10-23,4,1402,,,
ICICIGI,2023-11-02,1,1368.1,,,
ICICIGI,2023-11-02,1,1368.05,,,
ICICIGI,2025-03-03,,,6,1673,25.75
ISEC,2024-09-04,65,835.85,,,64.52
ISEC,2024-09-12,4,831.6,,,3.46
ISEC,2024-10-14,8,836.45,,,7.94
ISEC,2024-11-08,,,6,837.6,
ISEC,2024-11-08,,,3,837.65,
ISEC,2024-11-08,,,35,837.7,80.99
ISEC,2024-11-08,,,4,837.75,
ISEC,2024-11-08,,,13,837.8,
HCLTECH,2025-08-29,,,14,1460.3,36.55
HDFCAMC,2025-07-03,8,5085,,,47.46
HDFCAMC,2025-08-29,1,5567,,,6.78
HDFCAMC,2025-09-29,1,5647.5,,,6.86
HDFCAMC,2025-10-29,1,5375,,,6.39
HDFCAMC,2025-11-03,,,11,5349.5,76.39
HDFCBANK,2022-10-24,3,1422.08,,,
HDFCBANK,2022-12-01,1,1542.38,,,